images,labels
data/images/WhatsApp Image 2026-02-03 at 19.54.25.jpeg,data/labels/WhatsApp Image 2026-02-03 at 19.54.25.txt
data/images/WhatsApp Image 2026-02-02 at 22.23.46.jpeg,data/labels/WhatsApp Image 2026-02-02 at 22.23.46.txt
data/images/WhatsApp Image 2026-02-03 at 18.45.47.jpeg,data/labels/WhatsApp Image 2026-02-03 at 18.45.47.txt
data/images/WhatsApp Image 2026-02-02 at 17.07.45.jpeg,data/labels/WhatsApp Image 2026-02-02 at 17.07.45.txt
data/images/WhatsApp Image 2026-02-02 at 22.23.48.jpeg,data/labels/WhatsApp Image 2026-02-02 at 22.23.48.txt
data/images/WhatsApp Image 2026-02-03 at 18.41.09.jpeg,data/labels/WhatsApp Image 2026-02-03 at 18.41.09.txt
data/images/WhatsApp Image 2026-02-03 at 19.54.25 (1).jpeg,data/labels/WhatsApp Image 2026-02-03 at 19.54.25 (1).txt
data/images/WhatsApp Image 2026-02-03 at 19.54.25 (4).jpeg,data/labels/WhatsApp Image 2026-02-03 at 19.54.25 (4).txt
data/images/WhatsApp Image 2026-02-02 at 22.23.47 (1).jpeg,data/labels/WhatsApp Image 2026-02-02 at 22.23.47 (1).txt
data/images/WhatsApp Image 2026-02-03 at 18.39.39.jpeg,data/labels/WhatsApp Image 2026-02-03 at 18.39.39.txt
data/images/WhatsApp Image 2026-02-03 at 19.54.25 (3).jpeg,data/labels/WhatsApp Image 2026-02-03 at 19.54.25 (3).txt
data/images/WhatsApp Image 2026-02-03 at 18.39.38 (1).jpeg,data/labels/WhatsApp Image 2026-02-03 at 18.39.38 (1).txt
data/images/WhatsApp Image 2026-02-02 at 17.07.44 (2).jpeg,data/labels/WhatsApp Image 2026-02-02 at 17.07.44 (2).txt
data/images/WhatsApp Image 2026-02-03 at 18.39.38.jpeg,data/labels/WhatsApp Image 2026-02-03 at 18.39.38.txt
data/images/WhatsApp Image 2026-02-02 at 17.07.44.jpeg,data/labels/WhatsApp Image 2026-02-02 at 17.07.44.txt
data/images/WhatsApp Image 2026-02-03 at 19.54.25 (2).jpeg,data/labels/WhatsApp Image 2026-02-03 at 19.54.25 (2).txt
